id;profesion;tipo sangre;edad;color ojos;peso aprox;nivel educativo
123434323;agricultor;B-;42;Cafe;75000;Colegio
123456789;maestro;A+;51;Cafe;75000;Colegio
194826473;artista;A+;49;Cafe;100000;Bachillerato
235454545;maestro;AB-;51;Verde;53000;Colegio
303303033;bombero;B+;31;Azul;72000;Bachillerato
342332423;sacerdote;A+;34;Azul;65000;Bachillerato
402020302;ventas;O+;22;Verde;68000;Bachillerato
453123232;estudiante;B+;23;Cafe;53000;Colegio
532432433;ingeniero;O+;43;Cafe;61000;Maestria
562213232;policia;A-;68;Cafe;72000;Colegio
632132132;enfermero;O+;73;Verde;90000;Maestria
723434223;secretario;A+;68;Cafe;76000;Colegio
803434834;ingeniero;A-;47;Cafe;71000;Bachillerato
900100100;ventas;O+;35;Cafe;65000;Maestria
901020304;plomero;AB+;30;Cafe;65000;Bachillerato
901626322;chef;B-;55;Azul;50000;Colegio
910203040;ingeniero;A+;40;Azul;80000;Bachillerato
912102122;carpintero;B+;90;Azul;72000;Colegio
924252627;contador;B+;81;Cafe;81000;Bachillerato
924343242;periodista;B+;21;Cafe;58000;Bachillerato
926464232;agricultor;O-;37;Cafe;60000;Bachillerato
932432423;medico;O-;29;Cafe;59000;Doctorado
943434343;artista;O+;72;Cafe;63000;Bachillerato
975757575;contador;A+;49;Azul;75000;Colegio
987242929;cartero;AB+;25;Azul;90000;Colegio
