nombre,canton,edad,genero,estado civil,color de pelo,altura aprox
Akio Watanabe,Alajuelita,35,Hombre,falso,Cafe,174
Alex Smith,Perez Zeledon,81,Otro,verdadero,Blanco,178
Ana Lopez,Acosta,37,Mujer,verdadero,Cafe,157
Antonio Cruz,Desamparados,68,Hombre,falso,Blanco,180
Ariel Quesada,San Jose,49,Hombre,falso,Cafe,164
Carmen Perez,San Jose,23,Mujer,verdadero,Azul,157
Felix Schmidt,Santa Ana,21,Mujer,verdadero,Rojo,148
Fernanda Martinez,Escazu,51,Mujer,verdadero,Verde,150
Gloriana Diaz,Puriscal,29,Mujer,verdadero,Cafe,153
Henry Jones,San Jose,25,Hombre,falso,Cafe,179
Herman Miller,Escazu,90,Hombre,verdadero,Blanco,167
Isabelle Jimenez,Leon Cortes Castro,31,Otro,verdadero,Rubio,180
Jeniffer Hidalgo,Dota,55,Mujer,falso,Cafe,149
Jimena Garcia,Aserri,72,Mujer,verdadero,Blanco,159
John Doe,Tibas,40,Hombre,verdadero,Cafe,185
Jose Mejias,San Jose,68,Hombre,verdadero,Blanco,174
Juan Perez,Alajuelita,51,Hombre,falso,Cafe,171
Luciana Ramirez,San Jose,22,Otro,verdadero,Rubio,168
Luis Brenes,San Jose,42,Hombre,verdadero,Rubio,175
Marco Ramirez,Moravia,47,Hombre,verdadero,Cafe,164
Maria Lopez,Curridabat,30,Mujer,verdadero,Rubio,162
Mario Martin,San Jose,73,Hombre,falso,Rojo,189
Mauricio Hernandez,Desamparados,34,Hombre,verdadero,Cafe,152
Sofia Gonzalez,Tibas,49,Mujer,falso,Cafe,164
Valeria Sanchez,Escazu,43,Mujer,verdadero,Cafe,162
